Year-Month,Article_Word_Count,Headline_Word_Count,Article_bigram_count,Headline_bigram_count,Article_Nouns,Article_Verbs,Article_Adverbs,Article_Adjectives,Headline_Nouns,Headline_Verbs,Headline_Adverbs,Headline_Adjectives,Article_Noun-Noun,Article_Adjective-Noun,Article_Verb-Noun,Article_Noun-Verb,Article_Noun-Adjective,Article_Verb-Adjective,Headline_Noun-Noun,Headline_Adjective-Noun,Headline_Verb-Noun,Headline_Noun-Verb,Headline_Noun-Adjective,Headline_Verb-Adjective
1/1/1986,62088,735,62093,734,32086,12453,2992,11608,438,136,21,113,10324,8281,3816,4040,3575,3991,120,89,49,28,32,49
2/1/1986,74351,815,74364,814,38309,15051,3649,13778,487,159,23,127,12025,9763,4824,4539,4317,4651,149,101,57,20,40,50
3/1/1986,80749,882,80764,881,42029,16268,3682,14989,510,185,28,132,13694,10677,5304,4890,4809,5054,141,102,71,34,45,52
4/1/1986,79757,1000,79773,999,41447,15887,3677,14928,589,204,29,154,13223,10572,5025,5264,4727,5085,157,119,79,38,47,64
5/1/1986,51048,600,51053,599,26981,10034,2322,9434,366,117,18,86,8782,6767,3278,3327,3102,3196,87,68,46,16,28,32
6/1/1986,38217,459,38222,458,19782,7672,1841,7112,291,86,10,60,6427,5084,2411,2453,2328,2412,94,46,38,21,23,20
7/1/1986,50937,675,50944,674,26848,9977,2341,9353,390,127,21,115,8864,6617,3168,3303,2961,3171,106,90,49,30,45,36
8/1/1986,40538,559,40543,558,21066,8062,1931,7624,340,101,18,89,6864,5388,2517,2660,2461,2556,116,70,40,18,32,31
9/1/1986,25785,348,25787,347,13580,5169,1158,4864,204,70,9,59,4524,3456,1631,1798,1579,1663,64,43,28,10,17,24
10/1/1986,38903,515,38904,514,20556,7748,1665,7089,303,94,17,86,6791,5000,2426,2857,2252,2433,95,60,37,22,27,24
11/1/1986,20279,280,20281,279,10844,3947,908,3672,157,66,4,43,3844,2620,1324,1293,1270,1209,44,34,23,11,15,19
12/1/1986,42875,543,42879,542,22766,8384,1963,7900,316,100,20,90,7670,5644,2723,2909,2631,2643,82,72,31,25,26,38
1/1/1987,44327,605,44327,604,23135,8836,1971,8198,348,114,19,108,7431,5803,2713,3215,2577,2783,89,74,49,23,35,30
2/1/1987,25500,361,25503,360,13564,5094,1098,4561,218,69,6,55,4421,3266,1640,1825,1537,1520,54,40,21,12,18,20
3/1/1987,33590,451,33590,450,17753,6600,1494,6206,272,80,20,66,5953,4408,2111,2309,2027,2128,73,52,29,19,23,22
4/1/1987,28696,384,28697,383,15293,5478,1302,5177,225,80,7,65,5154,3656,1792,2006,1711,1699,61,52,27,16,24,25
5/1/1987,35591,437,35590,436,19078,6769,1551,6512,251,87,17,73,6483,4675,2170,2337,2202,2199,65,56,31,16,36,19
6/1/1987,28209,404,28211,403,14926,5531,1273,5161,234,87,11,63,5103,3729,1729,1874,1689,1754,71,46,36,14,21,25
7/1/1987,53004,669,53007,668,27890,10289,2321,10037,397,126,19,108,8918,7253,3135,3759,3313,3347,122,83,38,25,39,41
8/1/1987,52327,657,52331,656,27047,10336,2556,9882,385,127,22,101,8625,7125,3168,3540,3207,3325,100,81,46,28,25,47
9/1/1987,29854,419,29858,418,15604,5896,1436,5568,240,80,16,79,5110,3888,1786,1970,1775,1853,83,51,29,16,26,25
10/1/1987,25211,343,25211,342,13423,4912,1141,4486,203,59,15,59,4501,3150,1575,1786,1364,1555,53,44,21,13,18,22
11/1/1987,26846,327,26846,326,14338,5259,1168,4847,197,57,11,49,4818,3477,1638,1747,1570,1687,53,37,26,16,18,14
12/1/1987,39111,519,39114,518,20333,7770,1902,7302,315,98,16,83,6552,5265,2372,2657,2366,2494,94,67,34,15,29,36
1/1/1988,36388,382,36390,381,19121,7177,1700,6531,235,60,15,59,6300,4750,2271,2488,2102,2277,71,50,21,8,23,20
2/1/1988,22433,174,22433,173,11743,4236,1130,4182,98,42,5,23,3806,2954,1244,1325,1337,1353,25,21,13,7,7,12
3/1/1988,31721,370,31725,369,16604,6277,1441,5871,225,65,9,59,5428,4228,2002,2074,1872,2053,74,48,21,7,20,20
4/1/1988,42615,448,42619,447,22188,8412,1949,7823,263,92,15,71,6964,5614,2725,2737,2626,2565,69,57,34,10,29,21
5/1/1988,23890,303,23893,302,12591,4647,1098,4376,175,64,12,48,4171,3112,1471,1570,1431,1469,44,41,23,8,19,15
6/1/1988,27344,249,27346,248,14410,5074,1314,5092,153,50,3,35,4869,3666,1557,1613,1693,1628,45,26,14,13,12,17
7/1/1988,38169,483,38168,482,20057,7471,1821,6869,305,83,13,67,6476,4919,2462,2549,2280,2232,95,54,33,15,23,24
8/1/1988,19366,235,19368,234,10148,3806,821,3630,131,53,5,41,3323,2603,1201,1193,1167,1228,29,28,20,8,12,12
9/1/1988,32895,415,32898,414,17126,6398,1488,6342,236,83,14,73,5643,4447,1984,2252,1942,2149,69,57,26,9,22,27
10/1/1988,47460,530,47466,529,24707,9129,2244,8918,304,110,21,79,8009,6336,2795,3057,2776,2955,106,58,46,18,21,29
11/1/1988,29842,291,29843,290,15404,6012,1375,5640,173,53,7,49,4968,4007,1896,2026,1737,2004,49,36,20,8,19,18
12/1/1988,31179,286,31179,285,16398,6152,1508,5753,165,54,11,49,5375,4116,1903,2028,1934,1859,52,35,18,10,13,17
1/1/1989,40214,554,40216,553,20656,8034,1984,7488,324,110,12,99,6239,5243,2479,2861,2325,2457,92,77,39,19,32,40
2/1/1989,29666,360,29666,359,15657,5706,1391,5604,216,71,12,55,5277,3936,1696,1739,1876,1789,66,44,24,11,20,21
3/1/1989,41198,652,41200,651,21500,8288,1947,7504,377,129,27,108,6773,5341,2689,3045,2486,2480,104,82,41,27,33,38
4/1/1989,49460,633,49466,632,25482,9776,2560,9068,363,131,22,98,7907,6436,3045,3335,2849,2998,103,78,49,34,23,41
5/1/1989,45235,538,45243,537,23765,8708,2149,8484,306,107,19,93,7713,5994,2676,2809,2727,2745,74,69,44,14,36,32
6/1/1989,33578,414,33577,413,17591,6597,1589,6260,237,81,14,70,5730,4429,2006,2229,2014,2076,65,49,30,14,21,22
7/1/1989,31365,387,31367,386,16344,6116,1563,5720,220,76,10,69,5147,4120,1896,2022,1864,1888,62,46,28,13,24,26
8/1/1989,34908,397,34911,396,18381,6810,1631,6560,230,78,16,56,5955,4660,2067,2082,2116,2214,71,42,31,11,30,14
9/1/1989,24861,326,24862,325,12974,4936,1195,4495,188,71,9,51,4212,3214,1539,1588,1456,1477,57,34,22,10,14,21
10/1/1989,39291,459,39294,458,20896,7511,1922,7206,269,82,17,84,7481,5116,2317,2542,2297,2384,66,61,32,20,31,27
11/1/1989,32455,421,32459,420,16472,6619,1754,6138,240,83,15,74,5148,4281,2032,2241,1816,2118,76,55,27,13,25,26
12/1/1989,33759,488,33763,487,17531,6867,1747,6178,279,110,14,74,5531,4422,2251,2329,1978,2026,78,59,38,14,23,34
1/1/1990,24015,340,24018,339,12488,4776,1213,4281,192,68,15,59,4039,2983,1550,1576,1336,1430,52,43,23,17,19,19
2/1/1990,23157,319,23159,318,12534,4313,986,4340,186,65,8,55,4576,3073,1369,1423,1396,1412,63,45,24,16,23,20
3/1/1990,12210,180,12210,179,6478,2368,506,2312,104,38,5,28,2146,1590,759,816,732,773,30,21,16,2,14,6
4/1/1990,21293,341,21292,340,11206,4061,914,3950,190,68,12,64,3729,2708,1260,1359,1228,1326,51,47,20,14,19,27
5/1/1990,18538,301,18540,300,9667,3732,909,3289,170,57,12,54,3113,2287,1225,1193,980,1086,52,31,16,9,16,16
6/1/1990,20696,288,20697,287,10652,4229,1070,3701,159,62,17,44,3457,2598,1348,1347,1147,1293,49,33,14,6,10,20
7/1/1990,25871,400,25873,399,13501,5085,1223,4830,227,74,14,75,4288,3434,1582,1821,1499,1624,66,60,25,11,30,23
8/1/1990,137040,1527,137064,1526,71416,27491,6476,25074,915,297,34,233,23477,18131,8863,8492,8070,8743,299,179,111,43,95,82
9/1/1990,91755,1148,91769,1147,47653,18489,4284,17021,685,224,30,182,15613,12236,5814,5975,5436,5818,220,144,71,43,59,71
10/1/1990,78181,1075,78193,1074,40138,15732,3810,14802,645,197,25,185,12588,10422,4834,5210,4683,5061,198,141,67,31,62,67
11/1/1990,59651,826,59655,825,31220,11919,2674,11335,492,164,20,136,10089,8191,3785,3970,3788,3754,157,106,62,28,52,42
12/1/1990,39291,537,39296,536,20416,7894,1890,7271,306,107,17,91,6585,5235,2494,2776,2323,2528,90,68,40,17,34,25
1/1/1991,93421,956,93428,955,48597,18965,4411,17098,575,167,28,165,15592,12386,5858,6438,5617,5958,148,129,70,33,67,50
2/1/1991,46184,440,46187,439,24093,9338,2250,8511,258,89,14,70,7803,6070,2914,3132,2741,2917,83,53,29,15,22,27
3/1/1991,42771,426,42776,425,22156,8669,2134,7680,248,84,9,72,7133,5527,2818,2800,2465,2614,75,51,27,16,26,23
4/1/1991,35739,393,35738,392,18740,6930,1693,6492,223,80,9,70,5725,4592,2126,2490,2153,2084,65,49,23,13,23,23
5/1/1991,31910,373,31910,372,16864,6326,1468,5818,196,81,18,69,5333,4107,2013,2342,1928,1908,42,50,20,7,29,21
6/1/1991,27518,390,27518,389,14423,5389,1266,5159,213,84,11,71,4587,3677,1659,1905,1693,1673,53,53,24,12,24,27
7/1/1991,40883,459,40886,458,21408,7952,1922,7556,262,96,12,80,7150,5291,2396,2711,2334,2471,57,56,35,22,29,26
8/1/1991,41339,397,41341,396,21700,8083,1892,7880,229,83,16,61,6910,5584,2431,2837,2588,2576,65,46,22,8,20,22
9/1/1991,28940,280,28944,279,14953,5731,1432,5579,164,50,9,53,4705,3982,1717,1949,1808,1830,51,43,8,4,20,19
10/1/1991,32952,393,32951,392,17496,6376,1515,6041,224,79,13,68,5497,4307,2028,2490,2023,1976,66,53,29,14,22,22
11/1/1991,32622,327,32625,326,17221,6223,1563,6173,196,68,5,52,5545,4430,1950,2109,2137,1955,54,43,21,3,22,19
12/1/1991,33117,373,33117,372,17218,6687,1504,6249,213,83,11,63,5292,4459,2130,2474,2104,2069,55,45,31,18,19,17
1/1/1992,46954,674,46955,673,24050,9415,2396,8810,373,123,38,119,7290,6180,2852,3318,2828,2900,94,84,36,17,34,36
2/1/1992,35744,547,35748,546,18804,6963,1638,6745,297,122,18,97,6103,4808,1987,2499,2188,2264,69,70,35,20,31,36
3/1/1992,31644,387,31643,386,16572,6185,1448,6020,224,93,5,59,5066,4248,1933,2195,1967,1931,68,40,29,14,13,27
4/1/1992,35310,423,35309,422,18468,7085,1673,6276,245,95,11,69,5562,4485,2209,2646,2090,2078,65,46,28,17,22,23
5/1/1992,38791,447,38792,446,20378,7660,1748,7184,266,98,12,64,6650,5000,2404,2901,2329,2283,82,45,37,13,19,27
6/1/1992,28859,379,28862,378,15251,5615,1356,5441,226,66,14,67,4795,3787,1661,2059,1777,1773,73,48,21,5,22,21
7/1/1992,34952,357,34954,356,18503,6885,1549,6436,200,74,7,70,5838,4567,2134,2471,2086,2126,44,53,24,16,29,17
8/1/1992,32776,323,32779,322,17471,6337,1445,6169,193,67,11,49,5647,4361,2043,2300,2140,1979,56,39,28,6,22,15
9/1/1992,29167,344,29173,343,15352,5635,1344,5527,201,73,12,54,4791,3945,1719,2071,1803,1781,50,43,23,8,18,20
10/1/1992,33448,457,33448,456,17682,6533,1470,6119,266,97,14,75,5404,4267,1968,2609,1959,1960,80,61,30,15,27,29
11/1/1992,35221,429,35225,428,18177,7085,1644,6753,244,93,9,72,5428,4783,2094,2322,2193,2249,53,56,38,12,26,26
12/1/1992,27756,329,27757,328,14628,5501,1265,5171,189,72,12,50,4481,3667,1726,2055,1824,1610,55,40,20,12,17,19
1/1/1993,36195,557,36196,556,18874,7308,1550,6697,323,116,13,91,5760,4750,2239,2623,2208,2230,88,68,34,16,24,36
2/1/1993,38660,475,38663,474,20562,7679,1670,7101,285,105,10,66,6625,5004,2406,2483,2367,2342,87,51,30,14,18,31
3/1/1993,27796,463,27798,462,14737,5459,1208,5137,279,95,18,60,4722,3672,1680,2095,1719,1716,89,48,37,15,25,20
4/1/1993,28842,491,28843,490,15123,5692,1308,5268,274,101,16,85,4715,3736,1782,2031,1778,1669,76,67,37,11,28,32
5/1/1993,19775,281,19780,280,10555,3812,819,3686,168,59,8,41,3450,2638,1206,1527,1311,1175,40,33,26,5,13,15
6/1/1993,20308,299,20308,298,10565,3999,858,3936,178,59,13,43,3379,2801,1153,1592,1340,1318,56,37,21,8,16,16
7/1/1993,29879,425,29880,424,15702,5915,1286,5647,254,85,7,73,4872,3985,1787,2342,1901,1806,69,59,22,16,28,26
8/1/1993,22185,343,22188,342,11561,4372,1047,4184,194,75,5,61,3626,2909,1383,1655,1418,1328,52,38,26,14,16,24
9/1/1993,31568,367,31572,366,16165,6476,1476,6018,216,60,18,64,4760,4246,1936,2061,1996,2029,64,47,24,8,18,21
10/1/1993,22392,356,22392,355,11696,4346,984,4252,201,68,16,66,3648,2933,1243,1732,1353,1398,50,50,19,11,29,21
11/1/1993,26269,355,26272,354,14050,5140,1088,4860,194,89,10,58,4457,3510,1583,2004,1712,1587,41,46,25,13,17,28
12/1/1993,27278,447,27280,446,14317,5404,1168,5202,261,88,11,74,4512,3602,1689,1993,1724,1690,83,53,36,9,27,27
1/1/1994,37570,621,37569,620,20061,7215,1601,7003,359,128,10,109,6773,4938,2303,2512,2373,2249,105,79,44,25,41,36
2/1/1994,30953,433,30953,432,16244,6109,1481,5891,255,94,19,57,5300,4206,1745,2093,1918,1961,67,46,34,12,16,24
3/1/1994,43787,629,43791,628,22626,8853,2130,8109,376,127,16,89,7267,5769,2773,3013,2620,2692,118,68,48,27,34,27
4/1/1994,25636,441,25638,440,13484,5182,1135,4572,235,95,14,82,4137,3248,1645,1921,1495,1561,55,53,31,20,25,29
5/1/1994,27919,472,27918,471,14809,5499,1255,5183,275,93,13,80,4748,3757,1695,2017,1757,1703,80,68,28,12,31,27
6/1/1994,34135,531,34135,530,18010,6743,1586,6365,316,119,6,72,5706,4566,2119,2458,2162,2033,77,57,35,19,23,28
7/1/1994,35573,490,35582,489,18451,7293,1645,6447,292,86,18,79,5740,4589,2233,2640,2068,2160,72,63,30,9,37,18
8/1/1994,25749,439,25748,438,13628,5086,1050,4803,252,94,16,65,4166,3397,1604,1893,1596,1619,75,46,29,11,16,28
9/1/1994,27870,377,27873,376,14377,5678,1325,5300,213,78,16,63,4435,3751,1719,1994,1721,1764,50,49,32,9,25,18
10/1/1994,32478,521,32481,520,16893,6462,1521,6109,301,113,12,88,5147,4237,1952,2325,1957,1998,64,72,34,19,29,36
11/1/1994,23119,373,23120,372,12098,4590,959,4455,218,79,10,59,3771,3155,1418,1695,1455,1495,69,50,26,12,16,31
12/1/1994,18405,287,18406,286,9578,3698,777,3537,160,62,7,56,2901,2497,1107,1519,1197,1145,31,50,21,10,25,25
1/1/1995,27512,363,27514,362,14232,5597,1176,5278,212,69,10,63,4363,3755,1701,1956,1746,1746,55,49,23,10,25,19
2/1/1995,27995,319,27996,318,14702,5548,1235,5355,179,65,9,57,4685,3869,1686,1774,1888,1744,59,41,13,11,23,17
3/1/1995,24149,347,24149,346,12630,4895,1023,4531,205,72,9,51,3985,3200,1535,1653,1527,1504,57,42,30,10,23,18
4/1/1995,24512,392,24516,391,12771,4996,1101,4448,236,72,11,67,3772,3215,1569,1758,1552,1459,53,52,30,12,26,19
5/1/1995,27702,375,27704,374,14526,5652,1204,5137,203,84,6,71,4419,3698,1715,2067,1696,1785,59,49,18,14,26,22
6/1/1995,20827,312,20827,311,10930,4248,879,3744,175,73,10,46,3506,2640,1333,1450,1222,1262,45,39,18,7,9,24
7/1/1995,28864,281,28864,280,15517,5546,1138,5257,160,51,9,53,5332,3732,1690,1981,1805,1737,34,37,16,9,15,20
8/1/1995,32509,377,32508,376,16935,6611,1422,6107,206,85,14,67,5325,4311,2091,2270,2019,2068,49,52,33,9,21,24
9/1/1995,32841,301,32841,300,17129,6342,1511,6464,183,65,2,44,5694,4508,1922,1780,2172,2067,53,35,22,8,18,14
10/1/1995,26179,318,26178,317,13436,5305,1296,5013,191,61,13,48,4187,3575,1541,1659,1629,1681,45,40,24,11,22,15
11/1/1995,21005,263,21004,262,10940,4270,952,3957,143,58,5,50,3309,2761,1311,1453,1244,1369,37,31,16,11,12,17
12/1/1995,19634,287,19636,286,10140,3866,958,3817,172,55,8,47,3148,2697,1159,1273,1243,1233,52,32,20,7,11,18
1/1/1996,25451,317,25454,316,13271,5116,1134,4794,193,65,9,42,4088,3375,1552,1828,1638,1551,59,36,21,15,13,19
2/1/1996,24510,299,24512,298,12588,5060,1184,4560,173,66,12,44,3789,3220,1473,1661,1450,1540,38,31,25,11,13,15
3/1/1996,29552,429,29551,428,15349,6068,1295,5470,264,85,10,58,4728,3848,1858,2231,1729,1850,65,44,35,10,20,23
4/1/1996,42794,587,42796,586,22404,8728,1970,7703,341,123,18,89,7031,5442,2763,3055,2480,2617,76,63,48,9,25,34
5/1/1996,44840,565,44841,564,23499,9412,2163,7836,350,105,18,81,7750,5576,3058,3297,2400,2785,101,60,40,20,25,30
6/1/1996,40043,400,40045,399,20708,8100,1870,7493,231,93,13,58,6562,5343,2397,2385,2466,2531,73,42,31,12,12,29
7/1/1996,19573,276,19572,275,10230,3847,894,3618,158,58,7,46,3274,2535,1153,1349,1182,1158,35,31,17,9,3,23
8/1/1996,24015,321,24014,320,12242,4860,1106,4737,198,63,9,48,3734,3230,1442,1663,1571,1466,62,39,24,6,17,18
9/1/1996,32658,474,32660,473,16751,6660,1640,6154,284,95,23,61,5330,4307,1990,2286,1968,2056,72,45,45,11,23,18
10/1/1996,32546,436,32546,435,17040,6551,1379,6008,268,92,9,63,5364,4259,1975,2351,1948,2024,75,47,36,15,21,24
11/1/1996,29887,362,29887,361,15555,6058,1362,5505,214,77,7,55,4774,3919,1855,2147,1785,1881,64,39,25,11,16,22
12/1/1996,21312,325,21313,324,11086,4342,915,4011,186,74,6,54,3458,2854,1358,1621,1368,1326,47,40,27,11,21,23
1/1/1997,27577,412,27577,411,14326,5456,1184,5285,234,91,15,65,4368,3680,1677,2058,1761,1684,56,49,26,14,19,25
2/1/1997,21103,262,21102,261,11036,4137,896,4057,148,56,10,43,3389,2802,1240,1574,1358,1263,40,36,15,16,18,17
3/1/1997,18877,211,18877,210,9948,3611,763,3700,121,46,7,32,3415,2575,1072,1160,1271,1139,33,24,17,7,6,13
4/1/1997,43617,332,43620,331,23585,8344,1651,7472,179,75,7,65,7890,5479,2591,2517,2627,2519,41,45,22,14,20,23
5/1/1997,16669,175,16669,174,8706,3281,698,3187,104,36,6,25,2708,2229,959,1195,1079,962,28,20,10,5,9,12
6/1/1997,17908,190,17908,189,9340,3523,800,3436,113,37,5,30,3068,2447,1075,1130,1146,1121,39,24,13,3,10,12
7/1/1997,24521,364,24521,363,12871,4839,1145,4435,222,71,9,56,4161,3070,1523,1675,1447,1413,75,44,21,14,19,21
8/1/1997,23555,256,23555,255,12296,4656,1086,4530,149,58,5,40,3970,3153,1401,1702,1472,1435,45,33,15,12,14,17
9/1/1997,25428,219,25433,218,12738,5179,1298,5100,129,46,6,37,3993,3540,1551,1713,1622,1666,37,33,16,9,15,16
10/1/1997,23744,296,23744,295,12395,4598,1047,4632,173,56,4,57,4134,3215,1364,1604,1521,1480,42,46,14,10,21,20
11/1/1997,30332,316,30333,315,15842,5757,1335,6019,186,56,6,62,5312,4180,1705,1929,2061,1875,46,50,22,5,24,21
12/1/1997,23205,220,23204,219,11943,4635,984,4600,122,41,7,44,3796,3211,1388,1483,1534,1520,29,31,14,7,18,14
1/1/1998,34420,416,34420,415,17716,6954,1612,6578,228,79,14,80,5613,4607,2038,2448,2157,2135,61,52,24,12,26,24
2/1/1998,27963,255,27963,254,13991,5597,1500,5550,147,53,7,41,4299,3857,1594,1703,1764,1827,45,35,20,6,19,15
3/1/1998,47748,600,47753,599,24711,9716,2268,8870,352,119,15,100,7762,6228,3034,3329,2869,2855,93,81,35,19,36,35
4/1/1998,21544,296,21546,295,11078,4285,979,4163,166,65,9,51,3542,2869,1276,1646,1354,1328,47,40,16,11,17,20
5/1/1998,30076,346,30077,345,15469,6010,1369,5899,176,79,4,78,4778,4198,1785,1979,1936,1995,47,49,24,9,24,25
6/1/1998,28748,366,28749,365,14857,5696,1336,5540,200,77,12,66,4784,3868,1763,2048,1789,1828,55,50,22,9,24,21
7/1/1998,27757,324,27758,323,14148,5677,1324,5238,190,65,9,55,4442,3700,1757,1984,1675,1780,51,38,22,10,15,22
8/1/1998,24773,280,24773,279,12776,4875,1142,4980,159,52,13,50,3998,3509,1408,1660,1650,1607,44,38,14,7,16,16
9/1/1998,33386,373,33390,372,17184,6670,1526,6561,206,75,10,74,5519,4616,1988,2246,2142,2133,60,50,22,11,21,24
10/1/1998,27004,247,27013,246,13855,5468,1195,5139,131,54,5,50,4376,3660,1735,1787,1674,1736,24,38,15,7,17,15
11/1/1998,31743,365,31744,364,16264,6316,1497,6090,191,82,11,63,5049,4272,1917,2005,1950,1951,52,48,18,17,21,27
12/1/1998,54691,623,54697,622,28113,10988,2594,10450,357,132,8,110,9021,7352,3376,3361,3392,3429,96,83,47,14,43,45
1/1/1999,25099,305,25105,304,12944,5013,1157,4689,177,66,7,48,4031,3362,1510,1594,1507,1587,42,40,19,8,22,16
2/1/1999,18074,144,18076,143,9198,3668,893,3537,87,26,4,25,2841,2496,1095,1133,1126,1215,29,17,9,4,10,5
3/1/1999,33418,408,33418,407,16954,6739,1626,6497,239,86,11,62,5354,4561,1955,2214,1992,2221,55,45,25,10,20,23
4/1/1999,39281,484,39283,483,20385,7888,1736,7349,285,93,12,73,6697,5232,2472,2551,2328,2490,68,54,36,14,27,25
5/1/1999,27208,296,27209,295,13883,5514,1327,5273,169,60,4,49,4303,3746,1654,1759,1674,1783,43,38,20,7,16,18
6/1/1999,12436,169,12437,168,6391,2647,566,2277,103,39,2,22,2004,1624,827,861,656,831,33,18,16,4,11,7
7/1/1999,24418,293,24424,292,12684,4876,1165,4535,164,60,8,49,4080,3127,1532,1522,1441,1491,39,34,21,8,17,14
8/1/1999,23865,301,23865,300,12347,4803,1079,4662,192,51,7,44,3946,3327,1400,1715,1474,1575,69,34,19,4,19,13
9/1/1999,25503,356,25503,355,12947,5310,1188,4852,207,79,9,47,4115,3400,1556,1867,1473,1736,67,32,28,8,9,16
10/1/1999,25189,335,25188,334,13172,4976,1114,4719,191,68,5,62,4277,3357,1483,1881,1501,1636,39,44,13,6,18,24
11/1/1999,30398,476,30398,475,15792,6079,1324,5852,261,102,14,86,5146,4135,1820,2050,1815,2067,53,62,30,8,28,30
12/1/1999,19257,277,19257,276,9916,3833,903,3750,160,57,8,47,3206,2640,1126,1276,1223,1267,45,39,22,6,21,16
1/1/2000,33163,418,33168,417,17072,6699,1581,6216,236,86,8,74,5425,4395,2061,2140,2014,2103,61,55,27,13,22,27
2/1/2000,39614,525,39616,524,20616,8100,1792,7231,303,112,12,87,6940,5186,2670,2380,2341,2457,94,63,45,15,26,36
3/1/2000,56026,700,56034,699,29149,11254,2679,10297,411,149,16,109,9676,7334,3521,3486,3284,3594,138,85,55,17,39,45
4/1/2000,21180,305,21182,304,11043,4129,1012,3919,171,67,7,51,3684,2789,1232,1446,1260,1291,60,29,27,9,14,19
5/1/2000,24490,273,24490,272,12809,4822,1159,4558,152,53,8,50,4287,3232,1433,1738,1492,1541,48,36,14,7,13,19
6/1/2000,37635,465,37637,464,19932,7395,1661,7000,286,89,12,66,6912,5014,2351,2364,2316,2405,84,49,42,15,17,29
7/1/2000,34317,340,34319,339,18684,6511,1341,6141,223,61,6,45,6787,4505,1986,2041,2068,2123,87,35,17,6,18,13
8/1/2000,34775,457,34777,456,18170,6790,1705,6523,261,98,13,71,5981,4621,2007,2270,2131,2164,67,57,33,13,30,26
9/1/2000,66984,757,66990,756,35098,13428,3045,12311,442,163,11,126,11634,8894,4373,4011,4134,4129,134,97,58,25,47,49
10/1/2000,74884,634,74895,633,38126,15391,3548,14147,369,128,22,104,12322,10010,4739,4344,4473,4952,120,84,38,16,29,45
11/1/2000,22180,249,22182,248,11448,4374,965,4303,144,53,3,38,3540,3083,1219,1569,1377,1470,34,29,18,10,12,13
12/1/2000,28204,380,28205,379,14421,5684,1316,5437,219,82,11,56,4682,3870,1605,1730,1767,1829,78,47,17,4,16,27
1/1/2001,44474,357,44477,356,23147,8819,1891,8520,211,72,13,55,7858,6108,2629,2545,2812,2859,77,39,26,14,19,17
2/1/2001,22005,204,22005,203,11111,4517,1086,4207,114,47,2,31,3578,2989,1304,1515,1353,1427,31,20,15,6,11,10
3/1/2001,23169,272,23170,271,12060,4609,1000,4406,151,64,10,40,3940,3144,1383,1551,1499,1441,33,29,28,7,15,13
4/1/2001,17661,231,17661,230,9211,3475,762,3292,129,57,4,36,3025,2357,981,1257,1088,1117,30,29,21,9,9,18
5/1/2001,26367,276,26373,275,13808,5240,1118,4881,159,57,8,48,4606,3523,1666,1601,1606,1641,49,36,15,10,17,18
6/1/2001,22472,245,22471,244,11707,4538,980,4208,153,49,3,34,3832,3044,1366,1572,1432,1472,52,28,17,6,12,16
7/1/2001,28981,320,28980,319,15341,5647,1239,5445,177,71,8,56,5366,3909,1692,1912,1832,1854,40,43,26,13,27,15
8/1/2001,17138,190,17138,189,8895,3392,765,3288,108,43,6,30,2910,2335,1002,1157,1095,1079,29,23,14,3,8,14
9/1/2001,30570,333,30574,332,15665,6204,1455,5862,181,59,14,63,4901,4146,1859,2027,1883,1961,51,40,22,3,23,17
10/1/2001,27208,337,27207,336,14148,5432,1228,5111,196,80,10,45,4476,3621,1597,1826,1686,1709,53,40,29,8,21,17
11/1/2001,40492,493,40498,492,20924,8141,1878,7476,299,99,16,64,6723,5389,2488,2674,2480,2501,85,48,44,15,29,16
12/1/2001,26212,332,26215,331,13414,5152,1249,5121,182,76,11,52,4252,3643,1441,1767,1631,1742,54,41,21,11,11,28
1/1/2002,18039,194,18040,193,9373,3609,781,3438,113,36,3,39,2969,2458,997,1300,1186,1142,30,31,11,5,17,10
2/1/2002,18904,184,18903,183,9789,3791,811,3604,114,41,4,22,3187,2576,1112,1292,1189,1268,33,19,14,6,5,9
3/1/2002,18210,222,18210,221,9385,3662,825,3408,127,47,2,36,2899,2386,1060,1204,1117,1163,31,28,14,2,14,12
4/1/2002,45505,476,45508,475,23816,9128,2033,8407,289,84,17,72,7751,5936,2840,3109,2778,2773,82,55,31,9,25,24
5/1/2002,19112,241,19112,240,10017,3697,813,3693,143,52,6,38,3231,2630,1116,1323,1285,1168,36,31,20,6,13,16
6/1/2002,13387,146,13386,145,6931,2668,593,2508,91,32,2,17,2287,1749,781,887,855,826,33,13,9,5,7,5
7/1/2002,7140,102,7139,101,3800,1324,297,1365,63,22,4,12,1250,960,353,617,516,397,24,11,7,7,4,6
8/1/2002,16661,185,16661,184,8678,3267,674,3118,107,41,4,31,2803,2162,931,1266,1044,1015,36,24,8,3,9,13
9/1/2002,30547,294,30549,293,15783,6062,1323,5938,174,59,9,43,5340,4236,1800,1970,1971,2047,60,29,28,7,14,12
10/1/2002,27567,244,27568,243,13952,5715,1250,5243,143,60,10,29,4282,3638,1558,1635,1652,1884,35,24,19,5,6,15
11/1/2002,17719,178,17719,177,9146,3630,835,3275,99,38,4,34,2857,2286,1087,1205,1083,1087,21,25,9,5,14,10
12/1/2002,43398,393,43403,392,22549,8412,1831,8561,234,76,8,62,7771,6016,2499,2724,2736,2864,69,48,25,8,22,23
1/1/2003,47696,433,47700,432,24814,9482,2091,9006,251,85,14,72,8366,6416,2843,2899,2969,3037,70,58,34,12,22,26
2/1/2003,36319,383,36322,382,18895,7287,1627,6724,236,72,11,54,6228,4788,2214,2249,2164,2291,65,43,30,9,31,9
3/1/2003,72931,860,72935,859,37550,14648,3371,13957,492,188,26,130,11989,9918,4422,4524,4583,4745,131,105,65,27,50,51
4/1/2003,46751,556,46756,555,23943,9436,2157,8895,336,98,21,87,7253,6301,2659,3212,2826,3076,88,71,32,9,37,27
5/1/2003,35965,286,35967,285,18491,7514,1568,6792,165,62,6,46,5753,4926,2191,2394,2218,2411,46,34,18,10,14,19
6/1/2003,14320,231,14319,230,7538,2807,584,2710,136,47,4,39,2431,1881,758,1134,900,893,30,30,18,6,21,10
7/1/2003,18951,205,18954,204,9941,3612,866,3625,121,44,3,31,3512,2588,954,1240,1190,1205,32,24,14,5,15,11
8/1/2003,22264,216,22268,215,11201,4415,1171,4368,122,45,3,40,3434,3022,1241,1485,1356,1431,29,30,11,6,15,15
9/1/2003,16052,191,16057,190,8347,3135,687,3020,116,39,4,22,2687,2103,929,1075,946,997,40,17,15,1,9,5
10/1/2003,15274,202,15275,201,7940,3016,677,2835,123,36,6,32,2489,1993,823,1051,924,927,41,26,10,2,11,10
11/1/2003,13143,133,13142,132,6805,2602,562,2554,86,25,5,16,2142,1790,743,908,845,864,34,15,10,3,6,7
12/1/2003,42420,211,42420,210,21558,8358,2178,8308,110,46,6,40,7613,5966,2409,2246,2648,2854,19,28,15,5,16,13
1/1/2004,18863,261,18863,260,9724,3645,875,3745,146,54,7,46,2999,2616,982,1332,1220,1207,33,37,23,6,21,11
2/1/2004,22235,273,22236,272,11572,4424,981,4211,158,53,6,50,3777,2932,1301,1570,1352,1375,48,37,17,5,16,17
3/1/2004,39803,468,39807,467,20586,8038,1769,7499,270,106,10,75,6355,5286,2461,2552,2381,2559,65,62,33,20,21,37
4/1/2004,26189,331,26190,330,13688,5243,1144,4896,207,58,8,47,4320,3489,1522,1767,1620,1628,66,35,23,8,21,14
5/1/2004,88103,895,88109,894,45974,18052,3853,16455,536,174,26,137,14828,11744,5554,5433,5259,5806,160,105,54,30,43,52
6/1/2004,52266,767,52271,766,27331,10580,2430,9588,436,149,27,140,8548,6785,3183,3320,3120,3244,123,97,46,28,46,45
7/1/2004,46011,622,46017,621,24442,8991,1960,8480,350,135,16,102,8388,6099,2740,3105,2804,2895,81,74,45,22,38,38
8/1/2004,104360,1398,104367,1397,53878,21391,4928,19559,791,279,35,248,17195,14022,6328,6979,6209,6833,201,193,88,40,77,96
9/1/2004,64612,918,64616,917,34107,12945,2816,11900,538,183,25,144,10876,8530,3968,4466,3939,4021,150,115,61,24,51,54
10/1/2004,87491,1191,87502,1190,45975,17655,3811,16295,688,248,40,185,14475,11651,5490,5791,5410,5441,178,145,97,34,65,65
11/1/2004,60406,828,60414,827,31452,12226,2597,11359,483,158,22,133,10090,8150,3663,4205,3635,3885,138,106,50,19,49,47
12/1/2004,64589,769,64594,768,33052,13233,3065,12377,433,171,22,127,10543,8719,3886,4156,3926,4156,94,99,54,26,59,34
1/1/2005,53113,505,53116,504,27744,10921,2283,9756,299,105,10,80,8866,6968,3274,3282,3172,3394,91,60,28,9,19,34
2/1/2005,34906,489,34906,488,18257,6974,1404,6668,287,96,14,78,5910,4654,2037,2484,2150,2237,68,58,30,15,26,25
3/1/2005,77086,979,77088,978,40218,15723,3289,14534,566,209,25,157,12812,10291,4844,5329,4735,4892,159,120,69,28,55,58
4/1/2005,69813,917,69819,916,36452,14088,3155,12923,537,190,23,153,11689,9112,4369,4492,4127,4360,149,108,64,26,40,63
5/1/2005,51722,679,51731,678,27035,10654,2362,9407,390,141,22,108,8585,6681,3190,3560,3059,3205,109,83,37,21,37,37
6/1/2005,64635,858,64637,857,33424,13278,3105,12010,485,184,25,139,10370,8594,4014,3974,3876,4149,115,112,57,13,54,46
7/1/2005,67159,799,67170,798,34612,13454,3209,12744,464,166,14,130,11010,8996,4072,4188,4124,4289,121,109,53,21,49,50
8/1/2005,105499,1282,105510,1281,55079,21429,4705,19705,745,251,33,214,17695,14010,6461,6987,6209,6784,200,155,91,39,82,69
9/1/2005,120067,1214,120090,1213,62559,25086,5561,21578,714,254,36,183,20050,15502,7968,7504,6771,7757,195,149,89,28,62,79
10/1/2005,69259,809,69267,808,36499,14007,3184,12526,470,165,21,131,11565,9057,4395,4365,4025,4293,120,99,61,19,53,44
11/1/2005,53758,645,53759,644,28190,11041,2198,9895,387,126,21,96,8805,6976,3288,3783,3176,3346,110,74,47,12,37,30
12/1/2005,53051,430,53057,429,27269,10873,2459,10014,234,103,18,64,8828,7258,3132,3297,3209,3506,51,52,34,10,20,29
1/1/2006,65831,753,65834,752,33847,13295,2887,12841,419,143,20,150,10528,9138,3960,4375,4207,4407,105,114,42,21,55,52
2/1/2006,50013,726,50013,725,26330,10143,2092,9346,414,149,20,130,8306,6665,3048,3580,3116,3095,104,96,43,16,46,45
3/1/2006,47806,675,47807,674,25131,9559,2015,8933,393,129,22,108,8012,6367,2903,3241,2941,3048,112,82,39,15,26,43
4/1/2006,69678,821,69690,820,36637,14268,3062,12675,491,181,21,108,11314,9163,4467,4449,4170,4402,132,89,63,21,41,43
5/1/2006,90146,843,90148,842,46552,18808,4002,16728,495,181,12,134,14974,11919,5776,5508,5368,5915,146,102,71,28,50,50
6/1/2006,49891,551,49894,550,25921,10228,2250,9174,306,116,18,96,8018,6621,3102,3227,2933,3175,97,71,39,10,27,33
7/1/2006,58674,712,58678,711,30114,12018,2788,11059,421,124,16,129,9292,7879,3646,3782,3593,3683,125,103,38,14,54,36
8/1/2006,65240,847,65243,846,33965,13298,3000,12177,467,197,28,132,10881,8695,3919,4217,3832,4233,145,94,52,26,40,59
9/1/2006,60627,753,60628,752,31178,12575,2896,11177,444,146,19,120,9592,7844,3862,3963,3530,3908,133,93,49,12,46,44
10/1/2006,70588,839,70593,838,36780,14293,3323,13006,481,164,32,133,11573,9224,4483,4524,4195,4327,135,100,61,18,49,45
11/1/2006,42531,581,42533,580,22072,8586,1872,8071,335,115,18,92,6811,5652,2615,2968,2571,2696,77,73,34,12,38,26
12/1/2006,41192,541,41192,540,21348,8268,1865,7911,303,117,15,90,6777,5508,2442,2749,2496,2633,93,68,28,11,19,42
1/1/2007,76652,843,76653,842,39831,16085,3293,14078,516,149,22,130,12557,10088,5109,4763,4522,4957,174,104,47,10,59,41
2/1/2007,38133,495,38133,494,19867,7824,1689,7095,288,95,13,82,6224,5034,2378,2636,2227,2429,92,54,34,10,26,23
3/1/2007,30526,378,30527,377,15948,6244,1326,5674,225,80,7,62,4924,3968,1883,2160,1848,1898,61,48,28,7,27,22
4/1/2007,41142,576,41142,575,21387,8448,1869,7631,335,123,16,87,6617,5417,2520,2807,2404,2604,97,70,46,18,33,34
5/1/2007,48982,436,48986,435,25320,10313,2239,9105,233,96,12,79,8144,6613,3246,3203,3066,3133,51,59,32,13,28,30
6/1/2007,43444,419,43449,418,22545,8859,2014,8204,247,95,10,57,6951,5900,2683,2836,2718,2810,72,45,35,12,22,22
7/1/2007,38001,418,38000,417,19917,7791,1649,7036,237,86,13,66,6236,4920,2366,2389,2333,2290,67,46,24,10,26,25
8/1/2007,27851,280,27852,279,14269,5665,1269,5329,157,63,8,48,4432,3688,1723,1749,1712,1725,39,38,22,3,17,19
9/1/2007,40984,537,40987,536,21433,8325,1851,7532,288,126,18,91,6764,5341,2672,2491,2407,2614,76,70,39,14,28,43
10/1/2007,50527,668,50528,667,26135,10313,2305,9593,389,139,16,101,8084,6825,3176,3272,3078,3253,110,77,53,4,30,41
11/1/2007,60999,675,61005,674,31635,12460,2785,11426,384,145,22,101,9785,8130,3951,3635,3773,3827,125,78,50,14,38,41
12/1/2007,42625,450,42628,449,21952,8693,1895,8216,258,93,16,72,6929,5787,2652,2732,2611,2828,61,54,35,6,25,23
1/1/2008,52969,517,52969,516,27655,10581,2304,10086,291,112,15,91,8796,7150,3269,2931,3360,3323,73,69,38,11,41,31
2/1/2008,41107,459,41109,458,21547,8171,1822,7836,259,97,14,78,7070,5575,2540,2527,2576,2615,79,59,35,15,26,35
3/1/2008,45500,535,45501,534,23235,9496,2188,8600,298,113,9,105,7202,6090,2810,2765,2693,2930,78,81,39,11,36,38
4/1/2008,57110,754,57110,753,29929,11305,2436,10850,427,166,19,124,9682,7749,3506,3392,3576,3652,120,89,57,20,38,43
5/1/2008,78306,1053,78309,1052,40802,15916,3578,14710,603,223,25,177,13230,10450,5054,4833,4702,4885,169,133,81,32,53,70
6/1/2008,79432,938,79439,937,41054,16534,3651,14687,544,197,28,148,12837,10448,5200,4632,4691,5041,170,109,65,14,57,46
7/1/2008,83804,1006,83810,1005,43140,17107,4069,15806,586,216,29,153,13539,11215,5258,4982,5005,5314,169,122,73,23,51,64
8/1/2008,60527,823,60529,822,31334,12095,2847,11552,481,190,15,120,10056,8146,3678,3772,3631,3887,133,97,70,18,42,51
9/1/2008,48355,578,48354,577,25281,9712,2293,8843,327,122,14,96,8419,6208,3071,2975,2796,2957,101,67,42,22,27,37
10/1/2008,51027,652,51031,651,26101,10298,2454,9752,360,158,14,107,7978,6841,3129,2891,3109,3255,103,87,43,20,24,54
11/1/2008,44627,500,44630,499,22740,9281,2082,8534,296,102,10,82,7039,5995,2773,2836,2635,2944,92,66,39,10,26,35
12/1/2008,46446,585,46447,584,23792,9455,2148,8825,331,133,12,90,7434,6226,2865,2991,2730,3079,108,68,37,16,26,37
1/1/2009,45960,481,45961,480,23665,9450,2000,8733,271,106,12,71,7152,6166,2799,2715,2769,2938,83,61,38,13,26,29
2/1/2009,33562,405,33562,404,17123,6746,1543,6634,235,84,12,66,5392,4657,1984,1951,2088,2186,67,52,25,4,24,22
3/1/2009,32834,424,32836,423,16944,6661,1444,6177,240,95,14,65,5213,4429,2039,2024,2003,2066,62,51,32,10,30,21
4/1/2009,21594,311,21593,310,11047,4352,1024,4172,189,60,7,51,3271,2912,1303,1438,1362,1324,59,40,19,4,19,20
5/1/2009,47990,483,47990,482,24543,10105,2284,8973,275,102,11,82,7573,6374,3085,3054,2881,3033,76,63,34,6,30,27
6/1/2009,34102,449,34103,448,17505,6868,1636,6555,248,96,13,82,5269,4654,2101,2185,2097,2127,66,65,34,10,30,31
7/1/2009,27828,407,27830,406,14332,5520,1295,5521,241,87,10,62,4329,3868,1618,1966,1773,1777,57,46,30,11,29,16
8/1/2009,24278,389,24277,388,12484,4797,1165,4699,211,84,9,81,3713,3262,1386,1666,1466,1495,45,62,24,10,28,30
9/1/2009,24891,343,24892,342,12782,5019,1142,4816,190,71,12,66,3907,3343,1501,1589,1561,1512,51,49,26,7,25,25
10/1/2009,28508,397,28510,396,14689,5722,1353,5488,245,74,4,64,4497,3808,1712,1799,1735,1785,68,58,29,10,31,24
11/1/2009,22781,250,22787,249,11538,4642,1142,4488,141,46,3,55,3611,3140,1368,1427,1398,1511,46,38,16,2,21,18
12/1/2009,18372,281,18371,280,9464,3679,833,3590,153,62,7,48,2818,2538,1092,1248,1195,1172,48,39,16,5,20,16
1/1/2010,35514,352,35513,351,17949,7465,1596,6873,206,63,10,68,5426,4849,2161,2463,2098,2449,61,57,15,4,27,26
2/1/2010,22242,275,22241,274,11209,4581,1042,4446,151,62,4,51,3363,3082,1274,1428,1320,1553,45,39,15,3,17,20
3/1/2010,26319,306,26323,305,13406,5278,1282,5143,170,67,7,50,4128,3661,1545,1642,1659,1717,56,37,20,7,15,21
4/1/2010,25330,356,25329,355,13137,5201,1138,4690,206,71,6,67,4053,3340,1566,1635,1484,1629,62,57,24,6,27,26
5/1/2010,42243,330,42246,329,21099,9219,2091,7901,180,66,10,65,6523,5553,2728,2612,2306,2816,55,43,19,6,19,26
6/1/2010,27088,285,27088,284,13690,5675,1297,5231,152,67,10,52,4219,3717,1668,1933,1674,1802,42,41,16,7,15,22
7/1/2010,18980,218,18979,217,9623,4029,906,3585,126,45,1,41,2919,2494,1212,1263,1118,1209,36,33,10,1,15,18
8/1/2010,17431,221,17430,220,9009,3619,827,3259,129,45,5,36,2998,2301,1137,1150,997,1134,52,30,14,2,14,16
9/1/2010,13508,158,13508,157,6895,2810,659,2584,93,32,4,27,2068,1773,845,907,807,832,34,20,10,3,6,13
10/1/2010,18144,159,18144,158,8953,3877,962,3543,90,36,7,20,2609,2491,1126,1157,1074,1237,25,17,13,3,7,7
11/1/2010,18125,145,18124,144,9339,3709,856,3350,84,32,2,22,2921,2421,1169,1003,1020,1197,23,17,7,5,6,12
12/1/2010,16728,159,16730,158,8619,3339,774,3148,79,39,7,28,2633,2290,1024,910,1017,1055,18,22,9,1,10,10
1/1/2011,28933,267,28935,266,14583,6093,1382,5508,146,55,7,49,4507,3899,1912,1773,1698,1924,40,36,18,4,18,17
2/1/2011,30490,374,30491,373,15362,6231,1458,6021,216,86,6,55,4666,4118,1825,1792,1793,1985,59,43,33,11,15,25
3/1/2011,49084,550,49085,549,24949,9897,2213,9766,328,110,10,88,7647,6829,2908,2958,3078,3354,105,66,41,14,35,27
4/1/2011,31602,357,31605,356,15990,6444,1567,6222,208,77,10,53,4750,4285,1932,1916,1935,2087,53,41,31,8,16,19
5/1/2011,28335,339,28335,338,14481,5856,1324,5394,205,78,6,44,4377,3781,1764,1871,1691,1834,58,38,33,10,16,21
6/1/2011,29237,377,29239,376,14761,5986,1332,5823,216,81,8,61,4485,4114,1839,1704,1892,1992,61,44,29,9,20,27
7/1/2011,19445,206,19445,205,9880,3955,954,3724,126,37,6,36,2987,2609,1191,1167,1210,1230,34,24,10,3,10,12
8/1/2011,23429,272,23432,271,12002,4747,1104,4461,149,60,4,52,3714,3188,1454,1353,1413,1502,31,41,20,7,19,21
9/1/2011,14663,183,14663,182,7452,3116,674,2783,104,42,6,26,2296,2023,982,975,877,965,28,21,19,6,6,11
10/1/2011,16824,202,16824,201,8460,3419,806,3388,114,40,6,38,2531,2396,960,988,1072,1171,21,28,15,3,17,13
11/1/2011,16249,195,16252,194,8231,3399,733,3097,106,44,1,36,2618,2211,1047,875,992,1095,31,31,11,3,9,18
12/1/2011,21441,201,21442,200,10799,4355,1024,4323,110,49,4,33,3291,3126,1328,1153,1398,1472,35,27,11,4,4,22
1/1/2012,23448,286,23448,285,11644,4951,1138,4711,169,57,5,45,3338,3340,1435,1379,1502,1624,54,38,23,7,18,17
2/1/2012,20679,251,20679,250,10418,4124,999,4214,129,52,11,53,3195,2929,1196,1263,1299,1437,25,41,13,6,15,21
3/1/2012,26570,331,26570,330,13465,5281,1278,5398,193,67,7,53,4099,3732,1602,1631,1723,1741,58,36,24,7,19,16
4/1/2012,26072,246,26073,245,13003,5361,1277,5164,139,54,7,44,4078,3698,1537,1556,1602,1818,41,33,18,3,17,17
5/1/2012,38427,311,38431,310,19363,8181,1786,7419,169,68,7,53,5957,5313,2454,2240,2316,2599,46,42,22,6,19,19
6/1/2012,19612,232,19613,231,9832,4014,905,3951,128,47,5,46,2911,2774,1132,1258,1273,1291,27,35,10,4,15,16
7/1/2012,17318,204,17317,203,8665,3589,809,3464,116,42,7,34,2494,2443,1015,1108,1113,1163,25,26,14,4,15,7
8/1/2012,13394,157,13395,156,6816,2723,648,2578,86,33,5,31,2215,1804,796,844,782,873,26,22,14,3,17,4
9/1/2012,17172,179,17172,178,8666,3628,748,3402,102,42,2,28,2682,2387,1047,1231,1034,1191,30,24,13,4,10,12
10/1/2012,24222,269,24225,268,12309,4933,1107,4775,164,47,3,51,3823,3339,1410,1605,1529,1578,60,39,17,2,19,17
11/1/2012,15053,167,15053,166,7557,3149,734,2979,88,39,6,31,2158,2086,881,1007,913,1043,30,26,13,5,8,15
12/1/2012,14405,155,14405,154,7326,3019,618,2838,86,30,5,31,2251,1985,830,991,874,996,22,22,8,3,12,13
1/1/2013,1157,9,1157,8,583,220,57,250,6,2,0,1,207,170,72,67,84,79,2,0,2,0,1,0
2/1/2013,4330,20,4329,19,2122,896,225,864,10,6,0,2,711,595,270,247,253,304,3,1,2,0,0,1
3/1/2013,4351,32,4352,31,2157,927,211,875,17,9,0,4,679,609,286,238,260,303,3,2,5,2,1,0
4/1/2013,6973,47,6974,46,3464,1403,342,1433,28,9,2,8,1086,1018,447,383,423,497,8,5,3,1,1,4
5/1/2013,2789,36,2788,35,1442,570,124,539,21,8,1,6,492,383,166,146,158,191,7,4,1,0,2,2
6/1/2013,8124,51,8125,50,4036,1703,395,1609,29,9,1,11,1321,1157,521,385,533,551,8,9,2,1,5,3
7/1/2013,1541,22,1540,21,783,295,69,335,13,4,0,4,243,243,74,112,106,107,6,4,0,0,2,2
8/1/2013,4421,53,4426,52,2138,868,251,906,28,9,4,8,643,635,240,257,281,292,1,5,1,1,3,0
9/1/2013,2733,37,2733,36,1302,600,141,587,22,12,0,3,364,430,156,174,192,211,5,2,5,3,2,1
10/1/2013,2737,11,2736,10,1367,512,156,549,9,2,0,0,453,383,137,114,169,175,1,0,1,0,0,0
11/1/2013,3425,41,3424,40,1741,620,185,718,24,7,2,7,524,491,182,201,220,217,8,4,3,0,1,2
12/1/2013,4542,39,4541,38,2336,975,214,817,20,10,1,7,781,597,299,263,265,311,7,4,5,2,2,2
1/1/2014,2718,22,2717,21,1360,563,122,508,12,4,0,5,414,381,169,140,160,194,5,3,0,0,1,2
2/1/2014,1581,10,1581,9,820,326,67,280,6,0,2,2,248,210,114,86,94,104,4,2,0,0,0,0
3/1/2014,2022,18,2021,17,978,393,113,464,8,5,0,5,288,321,103,94,145,138,1,2,3,0,1,2
4/1/2014,4715,20,4715,19,2350,994,258,897,9,5,0,6,769,647,311,298,268,326,3,1,0,0,1,2
5/1/2014,906,13,905,12,430,202,44,183,6,1,0,5,140,123,56,70,42,67,0,4,0,0,2,0
6/1/2014,6397,57,6398,56,3151,1265,327,1334,33,14,0,10,943,937,374,318,435,433,13,5,7,4,2,6
7/1/2014,1478,19,1477,18,761,290,65,297,11,5,0,3,244,219,95,92,97,103,3,3,2,1,1,2
8/1/2014,2782,42,2784,41,1478,557,119,506,24,5,1,10,458,366,169,178,170,174,4,8,2,0,4,1
9/1/2014,5524,82,5524,81,2783,1103,230,1185,48,18,1,13,863,817,340,366,368,387,17,9,6,1,5,3
10/1/2014,10711,109,10716,108,5397,2126,521,2165,69,20,1,15,1666,1550,608,615,661,743,24,12,8,4,4,7
11/1/2014,12583,154,12582,153,6384,2498,582,2539,89,32,8,22,1927,1771,737,889,822,818,26,18,10,2,9,8
12/1/2014,14527,187,14526,186,7271,2956,691,2945,100,37,8,37,2108,2082,836,984,938,992,20,28,14,4,17,9
1/1/2015,28458,302,28465,301,14235,5765,1456,5748,165,69,9,50,4274,4029,1805,1724,1823,1874,44,39,21,10,17,19
2/1/2015,18577,218,18579,217,9341,3810,891,3680,121,47,5,42,2741,2629,1097,1274,1230,1229,33,29,13,8,12,15
3/1/2015,12512,143,12511,142,6307,2561,562,2558,82,31,7,16,1824,1797,756,950,874,820,17,10,13,2,4,6
4/1/2015,11811,151,11811,150,6016,2336,549,2443,79,31,3,35,1785,1748,632,903,821,778,20,20,11,3,8,10
5/1/2015,10564,148,10563,147,5376,2110,493,2134,92,26,6,20,1553,1486,580,889,713,658,25,16,13,4,8,6
6/1/2015,11822,157,11825,156,5948,2412,513,2453,93,33,2,22,1729,1726,711,875,866,759,21,18,16,5,13,6
7/1/2015,17212,160,17213,159,8328,3667,869,3581,91,29,5,32,2345,2516,1015,1285,1161,1188,27,26,10,4,14,10
8/1/2015,8896,118,8896,117,4534,1823,420,1736,75,26,1,13,1308,1241,576,679,614,541,23,9,9,5,3,5
9/1/2015,11852,155,11851,154,6039,2389,548,2361,88,39,4,21,1821,1664,711,870,822,739,28,18,12,1,7,7
10/1/2015,16184,203,16184,202,8228,3332,738,3200,108,42,11,37,2389,2300,975,1216,1075,1037,30,31,10,6,10,14
11/1/2015,10057,138,10058,137,5229,2008,416,1966,78,32,5,19,1572,1436,532,891,673,653,24,12,9,4,4,7
12/1/2015,13718,177,13717,176,7002,2778,610,2736,94,39,6,36,2052,1974,848,1080,999,842,21,23,15,4,15,8
1/1/2016,16278,150,16280,149,8106,3337,710,3328,75,35,6,32,2413,2360,962,1122,1045,1181,24,18,9,6,6,9
2/1/2016,13294,149,13295,148,6748,2761,619,2577,82,26,7,27,1946,1907,800,1043,872,865,27,23,9,2,9,9
3/1/2016,14897,191,14896,190,7775,2999,643,2903,108,48,8,27,2350,2053,922,1260,958,923,21,15,20,7,8,6
4/1/2016,16785,159,16786,158,8666,3538,760,3156,98,35,4,19,2643,2301,1082,1412,1033,1119,20,15,15,5,8,9
5/1/2016,9971,114,9973,113,5092,2164,460,1839,69,23,5,16,1547,1311,623,896,549,680,19,14,9,5,6,5
6/1/2016,8547,102,8547,101,4364,1782,356,1719,60,23,1,17,1241,1218,528,767,544,590,13,12,8,0,6,8
7/1/2016,11246,149,11246,148,5760,2308,516,2218,85,33,4,24,1668,1553,697,1049,699,702,22,15,11,4,5,12
8/1/2016,9142,161,9142,160,4794,1900,415,1735,77,40,12,28,1444,1237,587,875,573,578,11,19,10,10,2,6
9/1/2016,8140,120,8139,119,4237,1718,338,1537,68,22,6,23,1347,1131,511,781,487,568,18,17,7,4,8,7
10/1/2016,8924,137,8923,136,4585,1870,378,1742,73,24,5,30,1214,1210,552,908,546,569,7,21,5,3,7,11
11/1/2016,8239,119,8238,118,4239,1673,407,1599,60,34,3,21,1243,1113,505,695,481,523,7,13,12,1,3,10
12/1/2016,9683,149,9683,148,4962,1998,430,1873,79,36,4,26,1466,1304,575,870,583,615,20,22,11,4,7,12
1/1/2017,7267,114,7266,113,3736,1550,324,1387,62,25,7,20,1101,967,443,676,453,439,10,14,9,3,8,9
2/1/2017,7615,93,7615,92,3914,1607,367,1450,51,18,6,18,1145,1052,493,678,497,487,12,15,5,1,6,6
3/1/2017,12831,171,12830,170,6571,2701,525,2498,106,31,4,27,2024,1778,779,1044,764,886,28,19,11,1,9,11
4/1/2017,9551,110,9550,109,4869,1986,477,1793,63,25,3,16,1433,1289,552,863,564,618,19,13,4,4,3,6
5/1/2017,8310,119,8309,118,4309,1717,359,1568,67,26,5,19,1264,1087,492,735,493,532,13,12,5,4,4,8
6/1/2017,12082,156,12082,155,6168,2520,543,2365,82,43,5,23,1832,1656,740,998,756,784,18,18,12,4,5,10
7/1/2017,8115,119,8114,118,4172,1661,362,1589,73,24,5,16,1188,1117,455,715,514,539,15,13,7,2,10,4
8/1/2017,9987,137,9987,136,5143,2005,459,1966,79,25,1,29,1528,1419,550,765,653,647,26,20,12,4,12,7
9/1/2017,12179,160,12179,159,6264,2491,541,2440,88,38,1,32,1840,1741,726,1025,849,754,23,20,14,5,14,6
10/1/2017,8437,137,8437,136,4402,1783,353,1606,73,31,3,28,1268,1137,504,831,549,530,17,18,10,3,8,11
11/1/2017,9103,151,9102,150,4762,1902,359,1733,89,35,2,24,1400,1218,533,807,567,583,22,18,13,4,8,10
12/1/2017,7722,143,7722,142,4071,1618,318,1407,78,34,8,22,1241,996,439,749,452,485,27,14,10,2,4,7
1/1/2018,8557,128,8556,127,4390,1790,359,1638,69,29,3,22,1272,1159,500,713,544,555,17,16,11,4,5,6
2/1/2018,9180,93,9179,92,4537,2004,519,1739,52,13,6,21,1312,1226,586,752,538,637,7,16,6,1,10,3
3/1/2018,5974,91,5973,90,3082,1241,251,1160,50,22,2,16,900,839,313,526,395,394,8,10,6,3,7,2
4/1/2018,7704,107,7704,106,3994,1588,320,1486,52,24,2,24,1156,1078,478,604,499,503,9,18,7,1,5,9
5/1/2018,9705,151,9705,150,4968,1998,456,1883,84,33,5,25,1449,1326,594,774,606,634,18,18,14,3,7,9
6/1/2018,11674,154,11675,153,5877,2458,541,2253,89,41,0,23,1746,1630,706,901,706,829,12,16,15,7,11,7
7/1/2018,11717,140,11718,139,5919,2496,532,2292,77,24,4,30,1710,1642,759,940,708,809,20,25,6,1,10,11
8/1/2018,9231,149,9230,148,4757,1955,394,1807,87,30,4,23,1420,1284,594,862,576,648,21,15,11,2,10,7
9/1/2018,8965,131,8964,130,4487,1921,387,1803,69,30,4,25,1247,1299,564,763,614,637,12,17,10,3,6,10
10/1/2018,6371,92,6371,91,3179,1336,288,1328,48,19,4,18,917,951,385,603,418,471,9,15,5,3,9,4
11/1/2018,8932,111,8931,110,4516,1938,362,1705,62,24,1,19,1317,1247,559,689,556,620,11,15,2,1,2,12
12/1/2018,8626,89,8629,88,4398,1817,395,1626,45,24,2,18,1312,1198,560,542,540,562,5,15,5,6,7,8
1/1/2019,7357,88,7359,87,3733,1568,296,1487,45,25,3,13,1106,1065,461,624,505,527,10,10,5,4,3,7
2/1/2019,6977,75,6977,74,3528,1452,268,1476,37,23,1,13,1048,1032,375,561,505,494,5,11,3,1,5,5
3/1/2019,5674,75,5673,74,2870,1159,270,1197,35,20,2,18,812,833,330,527,406,377,6,13,5,3,6,9
4/1/2019,10662,93,10663,92,5466,2141,464,2113,51,18,4,18,1813,1457,659,700,673,702,11,15,5,4,4,7
5/1/2019,6493,71,6492,70,3244,1307,330,1270,43,12,1,11,987,921,352,453,391,443,12,7,4,2,4,3
6/1/2019,14054,153,14055,152,7033,2898,611,2828,84,45,4,17,2045,2016,812,1029,921,943,16,13,15,9,2,10
7/1/2019,11285,113,11285,112,5699,2277,521,2296,58,27,3,23,1703,1637,653,851,775,770,12,18,8,1,7,7
8/1/2019,8707,96,8706,95,4350,1732,451,1764,55,17,5,18,1299,1240,457,646,549,595,12,16,6,0,7,7
9/1/2019,14005,157,14006,156,7091,2846,662,2811,80,38,5,30,2157,1997,773,1004,878,1002,19,22,6,4,9,13
10/1/2019,7482,78,7481,77,3770,1538,359,1521,41,15,3,15,1112,1104,400,590,502,510,10,8,6,1,3,3
11/1/2019,8941,94,8940,93,4545,1844,398,1741,57,22,1,13,1289,1233,514,754,586,565,17,10,11,3,4,6
12/1/2019,7799,85,7798,84,3981,1580,342,1557,46,20,3,16,1172,1107,435,591,520,528,12,12,9,1,4,7
1/1/2020,9999,108,9998,107,5112,2045,408,2024,62,20,3,21,1492,1462,552,817,687,708,13,16,10,6,10,4
2/1/2020,15686,168,15687,167,7962,3127,701,3155,89,36,3,37,2325,2235,830,1069,1054,1039,14,31,10,4,19,10
3/1/2020,15407,145,15409,144,7624,3213,773,3022,85,33,1,24,2349,2167,903,971,963,1067,29,20,11,5,9,11
4/1/2020,16444,177,16449,176,8227,3327,891,3152,104,34,5,27,2457,2259,971,978,1028,1039,32,20,13,4,15,6
5/1/2020,13454,115,13457,114,6616,2763,800,2655,56,28,6,21,1937,1911,760,783,851,888,11,17,12,6,7,9
6/1/2020,7418,77,7419,76,3645,1551,393,1503,39,18,5,15,1115,1051,422,432,459,504,12,10,4,2,2,7
7/1/2020,10565,112,10566,111,5151,2170,606,2098,63,23,1,20,1504,1473,587,715,619,678,15,19,5,1,7,9
8/1/2020,8469,53,8469,52,4115,1805,470,1644,26,14,0,11,1219,1126,552,525,535,551,5,7,5,3,4,4
9/1/2020,4719,59,4718,58,2380,947,241,958,31,13,1,13,768,662,274,324,316,323,8,10,3,3,6,3
10/1/2020,3362,33,3361,32,1650,753,165,665,16,7,1,7,502,463,212,235,205,243,4,4,2,0,1,2
11/1/2020,2285,27,2284,26,1150,443,105,472,12,7,0,8,335,330,128,150,146,158,2,4,2,0,0,1
12/1/2020,4104,37,4104,36,2036,791,207,900,19,8,1,9,613,652,236,228,295,297,4,6,1,1,2,3
